{
  "persistent_menu": [
    {
      "locale": "default",
      "composer_input_disabled": false,
      "call_to_actions": [
        {
          "type": "postback",
          "title": "Help",
          "payload": "{\"entities\": null, \"intent\": \"help\"}"
        },
        {
          "type": "nested",
          "title": "Common Queries",
          "call_to_actions": [
            {
              "type": "nested",
              "title": "Fun",
              "call_to_actions": [
                {
                  "type": "postback",
                  "title": "tell me a joke",
                  "payload": "{\"entities\": null, \"intent\": \"joke\"}"
                },
                {
                  "type": "postback",
                  "title": "show me a fact",
                  "payload": "{\"entities\": null, \"intent\": \"fact\"}"
                },
                {
                  "type": "postback",
                  "title": "random quote",
                  "payload": "{\"entities\": null, \"intent\": \"quote\"}"
                },
                {
                  "type": "postback",
                  "title": "show me a random xkcd comic",
                  "payload": "{\"entities\": null, \"intent\": \"xkcd\"}"
                }
              ]
            },
            {
              "type": "nested",
              "title": "Utilities",
              "call_to_actions": [
                {
                  "type": "postback",
                  "title": "flip a coin",
                  "payload": "{\"entities\": null, \"intent\": \"coin\"}"
                },
                {
                  "type": "postback",
                  "title": "roll a die",
                  "payload": "{\"entities\": null, \"intent\": \"dice\"}"
                },
                {
                  "type": "postback",
                  "title": "usd to eur rate",
                  "payload": "{\"entities\": {\"from_currency\":[{\"value\":\"USD\"}],\"to_currency\":[{\"value\":\"EUR\"}]}, \"intent\": \"currency\"}"
                },
                {
                  "type": "postback",
                  "title": "paradise lyrics",
                  "payload": "{\"entities\": {\"lyrics\":[{\"value\":\"paradise\"}]}, \"intent\": \"lyrics\"}"
                }
              ]
            },
            {
              "type": "nested",
              "title": "Media",
              "call_to_actions": [
                {
                  "type": "postback",
                  "title": "latest news",
                  "payload": "{\"entities\": null, \"intent\": \"news\"}"
                },
                {
                  "type": "postback",
                  "title": "songs by linkin park",
                  "payload": "{\"entities\": {\"music\":[{\"value\":\"linkin park\"}]}, \"intent\": \"music\"}"
                },
                {
                  "type": "postback",
                  "title": "videos of sia",
                  "payload": "{\"entities\": {\"video\":[{\"value\":\"sia\"}]}, \"intent\": \"video\"}"
                }
              ]
            },
            {
              "type": "nested",
              "title": "Reviews",
              "call_to_actions": [
                {
                  "type": "postback",
                  "title": "death note anime",
                  "payload": "{\"entities\": {\"anime\":[{\"value\":\"death note\"}]}, \"intent\": \"anime\"}"
                },
                {
                  "type": "postback",
                  "title": "anything you want book",
                  "payload": "{\"entities\": {\"book\":[{\"value\":\"anything you want\"}]}, \"intent\": \"book\"}"
                },
                {
                  "type": "postback",
                  "title": "iron man 2 movie plot",
                  "payload": "{\"entities\": {\"movie\":[{\"value\":\"iron man 2\"}]}, \"intent\": \"movie\"}"
                }
              ]
            },
            {
              "type": "nested",
              "title": "More Utilities",
              "call_to_actions": [
                {
                  "type": "postback",
                  "title": "wiki html",
                  "payload": "{\"entities\": {\"wiki\":[{\"value\":\"html\"}]}, \"intent\": \"wiki\"}"
                },
                {
                  "type": "postback",
                  "title": "time in seattle",
                  "payload": "{\"entities\": {\"time_location\":[{\"value\":\"seattle\"}]}, \"intent\": \"time\"}"
                },
                {
                  "type": "postback",
                  "title": "weather in london",
                  "payload": "{\"entities\": {\"weather_location\":[{\"value\":\"london\"}]}, \"intent\": \"weather\"}"
                }
              ]
            }
          ]
        },
        {
          "type": "nested",
          "title": "Support",
          "call_to_actions": [
            {
              "type": "postback",
              "title": "Report a Bug",
              "payload": "{\"entities\": null, \"intent\": \"request\"}"
            },
            {
              "type": "postback",
              "title": "Request a Feature",
              "payload": "{\"entities\": null, \"intent\": \"request\"}"
            },
            {
              "type": "web_url",
              "title": "View on GitHub",
              "url": "https://github.com/swapagarwal/JARVIS-on-Messenger/"
            }
          ]
        }
      ]
    }
  ]
}
